entry_date,status,skip_reason,expiry_date,spot_entry_timestamp,spot_entry_open,atm_strike,initial_ce_entry_open,initial_pe_entry_open,entry_credit_points,entry_credit_rupees,adjustments,first_add_count,rebalance_count,reversal_exit_count,orders_executed,exit_timestamp,gross_pnl,brokerage,net_pnl,remarks
2025-01-01,EXCEPTION_EXIT,no_valid_rebalance_candidate,2025-01-02,2025-01-01T09:30:00+05:30,23640.75,23650,116.95,114.35,231.30,30069.00,1,1,0,0,6,2025-01-01T12:22:00+05:30,-11986.00,150.00,-12136.00,No OTM PE contract satisfied the value band 158.60-207.40 at 2025-01-01T12:22:00+05:30 while also having exact final exit timestamp 2025-01-01T15:20:00+05:30.
2025-01-02,EXCEPTION_EXIT,no_valid_rebalance_candidate,2025-01-02,2025-01-02T09:30:00+05:30,23760.3,23750,120.35,108.5,228.85,29750.50,1,1,0,0,6,2025-01-02T09:56:00+05:30,928.20,150.00,778.20,No OTM PE contract satisfied the value band 111.64-145.99 at 2025-01-02T09:56:00+05:30 while also having exact final exit timestamp 2025-01-02T15:20:00+05:30.
2025-01-06,EXCEPTION_EXIT,no_valid_rebalance_candidate,2025-01-09,2025-01-06T09:30:00+05:30,24035.65,24050,132.55,177.65,310.20,40326.00,3,2,0,1,8,2025-01-06T10:43:00+05:30,-6552.00,200.00,-6752.00,No OTM CE contract satisfied the value band 172.97-226.19 at 2025-01-06T10:43:00+05:30 while also having exact final exit timestamp 2025-01-06T15:20:00+05:30.
2025-01-08,EXCEPTION_EXIT,no_valid_rebalance_candidate,2025-01-09,2025-01-08T09:30:00+05:30,23637.8,23650,86.25,106.6,192.85,25070.50,1,1,0,0,6,2025-01-08T10:44:00+05:30,-650.00,150.00,-800.00,No OTM CE contract satisfied the value band 97.34-127.29 at 2025-01-08T10:44:00+05:30 while also having exact final exit timestamp 2025-01-08T15:20:00+05:30.
2025-01-09,EXCEPTION_EXIT,no_valid_first_add_candidate,2025-01-09,2025-01-09T09:30:00+05:30,23613.7,23600,44.0,43.35,87.35,11355.50,2,1,0,1,6,2025-01-09T10:48:00+05:30,-4607.20,150.00,-4757.20,No OTM CE contract satisfied the value band 18.22-27.33 at 2025-01-09T10:48:00+05:30 while also having exact final exit timestamp 2025-01-09T15:20:00+05:30.
2025-01-13,EXCEPTION_EXIT,no_valid_rebalance_candidate,2025-01-16,2025-01-13T09:30:00+05:30,23255.95,23250,173.9,155.6,329.50,42835.00,3,2,0,1,8,2025-01-13T14:36:00+05:30,977.60,200.00,777.60,No OTM CE contract satisfied the value band 149.70-195.75 at 2025-01-13T14:36:00+05:30 while also having exact final exit timestamp 2025-01-13T15:20:00+05:30.
2025-01-15,EXCEPTION_EXIT,no_valid_rebalance_candidate,2025-01-16,2025-01-15T09:30:00+05:30,23207.5,23200,87.8,69.2,157.00,20410.00,1,1,0,0,6,2025-01-15T10:47:00+05:30,-1735.50,150.00,-1885.50,No OTM PE contract satisfied the value band 83.95-109.78 at 2025-01-15T10:47:00+05:30 while also having exact final exit timestamp 2025-01-15T15:20:00+05:30.
2025-01-16,EXCEPTION_EXIT,no_valid_rebalance_candidate,2025-01-16,2025-01-16T09:30:00+05:30,23348.4,23350,29.15,44.4,73.55,9561.50,1,1,0,0,6,2025-01-16T09:44:00+05:30,-1617.20,150.00,-1767.20,No OTM CE contract satisfied the value band 39.55-51.72 at 2025-01-16T09:44:00+05:30 while also having exact final exit timestamp 2025-01-16T15:20:00+05:30.
2025-01-20,EXCEPTION_EXIT,no_valid_rebalance_candidate,2025-01-23,2025-01-20T09:30:00+05:30,23208.9,23200,186.05,160.94,346.99,45108.70,1,1,0,0,6,2025-01-20T11:33:00+05:30,2267.20,150.00,2117.20,No OTM PE contract satisfied the value band 166.20-217.34 at 2025-01-20T11:33:00+05:30 while also having exact final exit timestamp 2025-01-20T15:20:00+05:30.
2025-01-21,EXCEPTION_EXIT,no_valid_rebalance_candidate,2025-01-23,2025-01-21T09:30:00+05:30,23414.6,23400,140.6,126.2,266.80,34684.00,1,1,0,0,6,2025-01-21T10:22:00+05:30,-13175.50,150.00,-13325.50,No OTM CE contract satisfied the value band 192.40-251.60 at 2025-01-21T10:22:00+05:30 while also having exact final exit timestamp 2025-01-21T15:20:00+05:30.
2025-01-22,EXCEPTION_EXIT,no_valid_rebalance_candidate,2025-01-23,2025-01-22T09:30:00+05:30,23083.0,23100,116.75,100.35,217.10,28223.00,1,1,0,0,6,2025-01-22T13:41:00+05:30,6344.00,150.00,6194.00,No OTM CE contract satisfied the value band 84.24-110.16 at 2025-01-22T13:41:00+05:30 while also having exact final exit timestamp 2025-01-22T15:20:00+05:30.
2025-01-23,EXCEPTION_EXIT,no_valid_first_add_candidate,2025-01-23,2025-01-23T09:30:00+05:30,23105.55,23100,54.35,34.6,88.95,11563.50,0,0,0,0,4,2025-01-23T09:36:00+05:30,-4667.00,100.00,-4767.00,No OTM PE contract satisfied the value band 18.77-28.15 at 2025-01-23T09:36:00+05:30 while also having exact final exit timestamp 2025-01-23T15:20:00+05:30.
2025-01-28,EXCEPTION_EXIT,no_valid_rebalance_candidate,2025-01-30,2025-01-28T09:30:00+05:30,22908.8,22900,167.55,140.44,307.99,40038.70,1,1,0,0,6,2025-01-28T12:55:00+05:30,752.70,150.00,602.70,No OTM PE contract satisfied the value band 157.75-206.29 at 2025-01-28T12:55:00+05:30 while also having exact final exit timestamp 2025-01-28T15:20:00+05:30.
2025-01-30,EXCEPTION_EXIT,no_valid_rebalance_candidate,2025-01-30,2025-01-30T09:30:00+05:30,23169.0,23150,123.7,122.9,246.60,32058.00,1,1,0,0,6,2025-01-30T10:11:00+05:30,408.20,150.00,258.20,No OTM PE contract satisfied the value band 123.76-161.84 at 2025-01-30T10:11:00+05:30 while also having exact final exit timestamp 2025-01-30T15:20:00+05:30.
2025-02-04,EXCEPTION_EXIT,no_valid_rebalance_candidate,2025-02-06,2025-02-04T09:30:00+05:30,23514.1,23500,121.15,102.55,223.70,29081.00,1,1,0,0,6,2025-02-04T13:35:00+05:30,-11191.70,150.00,-11341.70,No OTM PE contract satisfied the value band 156.10-204.13 at 2025-02-04T13:35:00+05:30 while also having exact final exit timestamp 2025-02-04T15:20:00+05:30.
2025-02-06,EXCEPTION_EXIT,no_valid_rebalance_candidate,2025-02-06,2025-02-06T09:30:00+05:30,23699.05,23700,60.4,78.3,138.70,18031.00,1,1,0,0,6,2025-02-06T09:56:00+05:30,1267.50,150.00,1117.50,No OTM CE contract satisfied the value band 70.20-91.80 at 2025-02-06T09:56:00+05:30 while also having exact final exit timestamp 2025-02-06T15:20:00+05:30.
2025-02-11,EXCEPTION_EXIT,no_valid_rebalance_candidate,2025-02-13,2025-02-11T09:30:00+05:30,23314.7,23300,158.69,122.65,281.34,36574.20,1,1,0,0,6,2025-02-11T13:05:00+05:30,-1093.30,150.00,-1243.30,No OTM CE contract satisfied the value band 145.89-190.78 at 2025-02-11T13:05:00+05:30 while also having exact final exit timestamp 2025-02-11T15:20:00+05:30.
2025-02-12,EXCEPTION_EXIT,no_valid_rebalance_candidate,2025-02-13,2025-02-12T09:30:00+05:30,22978.85,23000,107.25,99.6,206.85,26890.50,1,1,0,0,6,2025-02-12T09:58:00+05:30,-2880.80,150.00,-3030.80,No OTM CE contract satisfied the value band 113.69-148.66 at 2025-02-12T09:58:00+05:30 while also having exact final exit timestamp 2025-02-12T15:20:00+05:30.
2025-02-13,EXCEPTION_EXIT,no_valid_rebalance_candidate,2025-02-13,2025-02-13T09:30:00+05:30,23024.9,23000,97.1,72.0,169.10,21983.00,1,1,0,0,6,2025-02-13T09:33:00+05:30,-1844.70,150.00,-1994.70,No OTM PE contract satisfied the value band 92.66-121.17 at 2025-02-13T09:33:00+05:30 while also having exact final exit timestamp 2025-02-13T15:20:00+05:30.
2025-02-14,EXCEPTION_EXIT,no_valid_rebalance_candidate,2025-02-20,2025-02-14T09:30:00+05:30,23027.2,23050,190.05,171.25,361.30,46969.00,1,1,0,0,6,2025-02-14T12:23:00+05:30,-2684.50,150.00,-2834.50,No OTM CE contract satisfied the value band 190.29-248.84 at 2025-02-14T12:23:00+05:30 while also having exact final exit timestamp 2025-02-14T15:20:00+05:30.
2025-02-19,EXCEPTION_EXIT,no_valid_rebalance_candidate,2025-02-20,2025-02-19T09:30:00+05:30,22852.2,22850,113.5,97.1,210.60,27378.00,1,1,0,0,6,2025-02-19T09:50:00+05:30,-3854.50,150.00,-4004.50,No OTM PE contract satisfied the value band 119.44-156.19 at 2025-02-19T09:50:00+05:30 while also having exact final exit timestamp 2025-02-19T15:20:00+05:30.
2025-02-20,EXCEPTION_EXIT,no_valid_first_add_candidate,2025-02-20,2025-02-20T09:30:00+05:30,22846.3,22850,59.0,62.6,121.60,15808.00,0,0,0,0,4,2025-02-20T09:38:00+05:30,-981.50,100.00,-1081.50,No OTM PE contract satisfied the value band 16.93-25.39 at 2025-02-20T09:38:00+05:30 while also having exact final exit timestamp 2025-02-20T15:20:00+05:30.
2025-02-25,EXCEPTION_EXIT,no_valid_rebalance_candidate,2025-02-27,2025-02-25T09:30:00+05:30,22554.25,22550,104.05,65.55,169.60,22048.00,1,1,0,0,6,2025-02-25T09:50:00+05:30,-1051.70,150.00,-1201.70,No OTM PE contract satisfied the value band 87.22-114.06 at 2025-02-25T09:50:00+05:30 while also having exact final exit timestamp 2025-02-25T15:20:00+05:30.
2025-02-27,EXCEPTION_EXIT,no_valid_first_add_candidate,2025-02-27,2025-02-27T09:30:00+05:30,22554.8,22550,43.65,23.1,66.75,8677.50,6,3,0,3,10,2025-02-27T11:39:00+05:30,1735.50,250.00,1485.50,No OTM CE contract satisfied the value band 4.55-6.83 at 2025-02-27T11:39:00+05:30 while also having exact final exit timestamp 2025-02-27T15:20:00+05:30.
2025-02-28,EXCEPTION_EXIT,no_valid_rebalance_candidate,2025-03-06,2025-02-28T09:30:00+05:30,22337.7,22350,167.45,115.5,282.95,36783.50,1,1,0,0,6,2025-02-28T12:54:00+05:30,-1916.20,150.00,-2066.20,No OTM CE contract satisfied the value band 146.51-191.59 at 2025-02-28T12:54:00+05:30 while also having exact final exit timestamp 2025-02-28T15:20:00+05:30.
2025-03-04,EXCEPTION_EXIT,no_valid_rebalance_candidate,2025-03-06,2025-03-04T09:30:00+05:30,21999.5,22000,116.75,95.05,211.80,27534.00,3,2,0,1,8,2025-03-04T11:07:00+05:30,-3614.00,200.00,-3814.00,No OTM PE contract satisfied the value band 115.64-151.22 at 2025-03-04T11:07:00+05:30 while also having exact final exit timestamp 2025-03-04T15:20:00+05:30.
2025-03-05,EXCEPTION_EXIT,no_valid_rebalance_candidate,2025-03-06,2025-03-05T09:30:00+05:30,22192.8,22200,87.3,80.55,167.85,21820.50,3,2,0,1,8,2025-03-05T11:35:00+05:30,-1677.00,200.00,-1877.00,No OTM PE contract satisfied the value band 87.46-114.37 at 2025-03-05T11:35:00+05:30 while also having exact final exit timestamp 2025-03-05T15:20:00+05:30.
2025-03-06,EXCEPTION_EXIT,no_valid_rebalance_candidate,2025-03-06,2025-03-06T09:30:00+05:30,22364.1,22350,56.6,58.4,115.00,14950.00,1,1,0,0,6,2025-03-06T09:48:00+05:30,-3341.00,150.00,-3491.00,No OTM CE contract satisfied the value band 72.96-95.41 at 2025-03-06T09:48:00+05:30 while also having exact final exit timestamp 2025-03-06T15:20:00+05:30.
2025-03-10,EXCEPTION_EXIT,no_valid_rebalance_candidate,2025-03-13,2025-03-10T09:30:00+05:30,22582.85,22600,113.0,145.95,258.95,33663.50,1,1,0,0,6,2025-03-10T14:30:00+05:30,-1781.00,150.00,-1931.00,No OTM CE contract satisfied the value band 141.05-184.45 at 2025-03-10T14:30:00+05:30 while also having exact final exit timestamp 2025-03-10T15:20:00+05:30.
2025-03-11,EXCEPTION_EXIT,no_valid_rebalance_candidate,2025-03-13,2025-03-11T09:30:00+05:30,22362.9,22350,121.75,111.3,233.05,30296.50,1,1,0,0,6,2025-03-11T10:58:00+05:30,-3341.00,150.00,-3491.00,No OTM PE contract satisfied the value band 129.55-169.41 at 2025-03-11T10:58:00+05:30 while also having exact final exit timestamp 2025-03-11T15:20:00+05:30.
2025-03-12,EXCEPTION_EXIT,no_valid_rebalance_candidate,2025-03-13,2025-03-12T09:30:00+05:30,22462.1,22450,93.65,94.95,188.60,24518.00,1,1,0,0,6,2025-03-12T11:38:00+05:30,3198.00,150.00,3048.00,No OTM CE contract satisfied the value band 82.16-107.44 at 2025-03-12T11:38:00+05:30 while also having exact final exit timestamp 2025-03-12T15:20:00+05:30.
2025-03-13,EXCEPTION_EXIT,no_valid_first_add_candidate,2025-03-13,2025-03-13T09:30:00+05:30,22483.85,22500,25.0,54.3,79.30,10309.00,0,0,0,0,4,2025-03-13T09:31:00+05:30,-1696.50,100.00,-1796.50,No OTM CE contract satisfied the value band 13.12-19.68 at 2025-03-13T09:31:00+05:30 while also having exact final exit timestamp 2025-03-13T15:20:00+05:30.
2025-03-18,EXCEPTION_EXIT,no_valid_rebalance_candidate,2025-03-20,2025-03-18T09:30:00+05:30,22644.1,22650,129.44,106.75,236.19,30704.70,1,1,0,0,6,2025-03-18T10:45:00+05:30,-3172.00,150.00,-3322.00,No OTM PE contract satisfied the value band 127.11-166.22 at 2025-03-18T10:45:00+05:30 while also having exact final exit timestamp 2025-03-18T15:20:00+05:30.
2025-03-19,EXCEPTION_EXIT,no_valid_rebalance_candidate,2025-03-20,2025-03-19T09:30:00+05:30,22848.45,22850,96.25,80.84,177.09,23021.70,3,2,0,1,8,2025-03-19T14:49:00+05:30,-1339.00,200.00,-1539.00,No OTM PE contract satisfied the value band 89.01-116.40 at 2025-03-19T14:49:00+05:30 while also having exact final exit timestamp 2025-03-19T15:20:00+05:30.
2025-03-20,EXCEPTION_EXIT,no_valid_first_add_candidate,2025-03-20,2025-03-20T09:30:00+05:30,23064.65,23050,67.25,44.5,111.75,14527.50,0,0,0,0,4,2025-03-20T10:07:00+05:30,-447.20,100.00,-547.20,No OTM CE contract satisfied the value band 16.17-24.25 at 2025-03-20T10:07:00+05:30 while also having exact final exit timestamp 2025-03-20T15:20:00+05:30.
2025-03-21,EXCEPTION_EXIT,no_valid_rebalance_candidate,2025-03-27,2025-03-21T09:30:00+05:30,23196.2,23200,134.35,126.5,260.85,33910.50,1,1,0,0,6,2025-03-21T10:48:00+05:30,-5551.00,150.00,-5701.00,No OTM PE contract satisfied the value band 151.12-197.62 at 2025-03-21T10:48:00+05:30 while also having exact final exit timestamp 2025-03-21T15:20:00+05:30.
2025-03-24,EXCEPTION_EXIT,no_valid_rebalance_candidate,2025-03-27,2025-03-24T09:30:00+05:30,23498.9,23500,126.55,127.95,254.50,33085.00,1,1,0,0,6,2025-03-24T12:19:00+05:30,-6240.00,150.00,-6390.00,No OTM PE contract satisfied the value band 153.40-200.60 at 2025-03-24T12:19:00+05:30 while also having exact final exit timestamp 2025-03-24T15:20:00+05:30.
2025-03-25,EXCEPTION_EXIT,no_valid_rebalance_candidate,2025-03-27,2025-03-25T09:30:00+05:30,23721.65,23700,163.9,125.8,289.70,37661.00,1,1,0,0,6,2025-03-25T09:53:00+05:30,-1579.50,150.00,-1729.50,No OTM PE contract satisfied the value band 150.34-196.61 at 2025-03-25T09:53:00+05:30 while also having exact final exit timestamp 2025-03-25T15:20:00+05:30.
2025-03-26,EXCEPTION_EXIT,no_valid_rebalance_candidate,2025-03-27,2025-03-26T09:30:00+05:30,23699.8,23700,104.0,99.4,203.40,26442.00,3,2,0,1,8,2025-03-26T13:08:00+05:30,143.00,200.00,-57.00,No OTM CE contract satisfied the value band 94.90-124.10 at 2025-03-26T13:08:00+05:30 while also having exact final exit timestamp 2025-03-26T15:20:00+05:30.
2025-03-27,EXCEPTION_EXIT,no_valid_rebalance_candidate,2025-03-27,2025-03-27T09:30:00+05:30,23543.8,23550,66.8,57.55,124.35,16165.50,1,1,0,0,6,2025-03-27T10:05:00+05:30,604.50,150.00,454.50,No OTM PE contract satisfied the value band 58.60-76.63 at 2025-03-27T10:05:00+05:30 while also having exact final exit timestamp 2025-03-27T15:20:00+05:30.
2025-04-01,EXCEPTION_EXIT,no_valid_rebalance_candidate,2025-04-03,2025-04-01T09:30:00+05:30,23472.7,23450,124.8,92.0,216.80,28184.00,3,2,0,1,8,2025-04-01T10:32:00+05:30,-4764.50,200.00,-4964.50,No OTM CE contract satisfied the value band 123.08-160.95 at 2025-04-01T10:32:00+05:30 while also having exact final exit timestamp 2025-04-01T15:20:00+05:30.
2025-04-02,EXCEPTION_EXIT,no_valid_rebalance_candidate,2025-04-03,2025-04-02T09:30:00+05:30,23246.3,23250,106.8,89.95,196.75,25577.50,3,2,0,1,8,2025-04-02T15:03:00+05:30,3003.00,200.00,2803.00,No OTM PE contract satisfied the value band 80.89-105.78 at 2025-04-02T15:03:00+05:30 while also having exact final exit timestamp 2025-04-02T15:20:00+05:30.
2025-04-03,EXCEPTION_EXIT,no_valid_first_add_candidate,2025-04-03,2025-04-03T09:30:00+05:30,23251.65,23250,42.1,51.45,93.55,12161.50,0,0,0,0,4,2025-04-03T09:46:00+05:30,1144.00,100.00,1044.00,No OTM CE contract satisfied the value band 11.93-17.89 at 2025-04-03T09:46:00+05:30 while also having exact final exit timestamp 2025-04-03T15:20:00+05:30.
2025-04-04,EXCEPTION_EXIT,no_valid_rebalance_candidate,2025-04-09,2025-04-04T09:30:00+05:30,23077.8,23100,132.9,173.0,305.90,39767.00,1,1,0,0,6,2025-04-04T10:14:00+05:30,-370.50,150.00,-520.50,No OTM CE contract satisfied the value band 154.34-201.83 at 2025-04-04T10:14:00+05:30 while also having exact final exit timestamp 2025-04-04T15:20:00+05:30.
2025-04-08,EXCEPTION_EXIT,no_valid_rebalance_candidate,2025-04-09,2025-04-08T09:30:00+05:30,22545.6,22550,159.19,159.6,318.79,41442.70,1,1,0,0,6,2025-04-08T10:18:00+05:30,-708.50,150.00,-858.50,No OTM CE contract satisfied the value band 164.09-214.58 at 2025-04-08T10:18:00+05:30 while also having exact final exit timestamp 2025-04-08T15:20:00+05:30.
2025-04-09,EXCEPTION_EXIT,no_valid_rebalance_candidate,2025-04-09,2025-04-09T09:30:00+05:30,22382.9,22400,79.2,112.3,191.50,24895.00,11,6,0,5,16,2025-04-09T11:04:00+05:30,14839.50,400.00,14439.50,No OTM CE contract satisfied the value band 27.37-35.79 at 2025-04-09T11:04:00+05:30 while also having exact final exit timestamp 2025-04-09T15:20:00+05:30.
2025-04-16,EXCEPTION_EXIT,no_valid_rebalance_candidate,2025-04-17,2025-04-16T09:30:00+05:30,23333.5,23350,47.2,90.0,137.20,17836.00,1,1,0,0,6,2025-04-16T10:22:00+05:30,-2592.20,150.00,-2742.20,No OTM CE contract satisfied the value band 76.05-99.45 at 2025-04-16T10:22:00+05:30 while also having exact final exit timestamp 2025-04-16T15:20:00+05:30.
2025-04-17,EXCEPTION_EXIT,no_valid_rebalance_candidate,2025-04-17,2025-04-17T09:30:00+05:30,23309.8,23300,42.5,50.4,92.90,12077.00,1,1,0,0,6,2025-04-17T09:43:00+05:30,-4920.50,150.00,-5070.50,No OTM PE contract satisfied the value band 66.82-87.38 at 2025-04-17T09:43:00+05:30 while also having exact final exit timestamp 2025-04-17T15:20:00+05:30.
2025-04-21,EXCEPTION_EXIT,no_valid_rebalance_candidate,2025-04-24,2025-04-21T09:30:00+05:30,23958.7,23950,159.6,175.05,334.65,43504.50,3,2,0,1,8,2025-04-21T10:57:00+05:30,45.50,200.00,-154.50,No OTM PE contract satisfied the value band 158.99-207.91 at 2025-04-21T10:57:00+05:30 while also having exact final exit timestamp 2025-04-21T15:20:00+05:30.
2025-04-23,EXCEPTION_EXIT,no_valid_rebalance_candidate,2025-04-24,2025-04-23T09:30:00+05:30,24317.6,24300,88.9,87.55,176.45,22938.50,1,1,0,0,6,2025-04-23T10:15:00+05:30,-3016.00,150.00,-3166.00,No OTM CE contract satisfied the value band 100.69-131.66 at 2025-04-23T10:15:00+05:30 while also having exact final exit timestamp 2025-04-23T15:20:00+05:30.
2025-04-24,EXCEPTION_EXIT,no_valid_rebalance_candidate,2025-04-24,2025-04-24T09:30:00+05:30,24253.55,24250,44.45,28.45,72.90,9477.00,1,1,0,0,6,2025-04-24T09:35:00+05:30,-5830.50,150.00,-5980.50,No OTM PE contract satisfied the value band 63.12-82.53 at 2025-04-24T09:35:00+05:30 while also having exact final exit timestamp 2025-04-24T15:20:00+05:30.
2025-04-25,EXCEPTION_EXIT,no_valid_rebalance_candidate,2025-04-30,2025-04-25T09:30:00+05:30,24319.0,24300,196.75,157.65,354.40,46072.00,1,1,0,0,6,2025-04-25T10:01:00+05:30,-9113.00,150.00,-9263.00,No OTM CE contract satisfied the value band 217.26-284.11 at 2025-04-25T10:01:00+05:30 while also having exact final exit timestamp 2025-04-25T15:20:00+05:30.
2025-04-28,EXCEPTION_EXIT,no_valid_rebalance_candidate,2025-04-30,2025-04-28T09:30:00+05:30,24117.05,24100,154.4,111.1,265.50,34515.00,1,1,0,0,6,2025-04-28T09:40:00+05:30,-4043.00,150.00,-4193.00,No OTM PE contract satisfied the value band 146.38-191.42 at 2025-04-28T09:40:00+05:30 while also having exact final exit timestamp 2025-04-28T15:20:00+05:30.
2025-04-29,EXCEPTION_EXIT,no_valid_rebalance_candidate,2025-04-30,2025-04-29T09:30:00+05:30,24418.25,24400,93.35,74.84,168.19,21864.70,3,2,0,1,8,2025-04-29T10:31:00+05:30,-1991.60,200.00,-2191.60,No OTM CE contract satisfied the value band 86.94-113.69 at 2025-04-29T10:31:00+05:30 while also having exact final exit timestamp 2025-04-29T15:20:00+05:30.
2025-04-30,EXCEPTION_EXIT,no_valid_rebalance_candidate,2025-04-30,2025-04-30T09:30:00+05:30,24322.25,24300,42.4,22.9,65.30,8489.00,1,1,0,0,6,2025-04-30T09:37:00+05:30,-2795.00,150.00,-2945.00,No OTM PE contract satisfied the value band 42.51-55.59 at 2025-04-30T09:37:00+05:30 while also having exact final exit timestamp 2025-04-30T15:20:00+05:30.
2025-05-02,EXCEPTION_EXIT,no_valid_rebalance_candidate,2025-05-08,2025-05-02T09:30:00+05:30,24487.1,24500,208.55,169.1,377.65,49094.50,3,2,0,1,8,2025-05-02T12:17:00+05:30,-3828.50,200.00,-4028.50,No OTM CE contract satisfied the value band 197.96-258.87 at 2025-05-02T12:17:00+05:30 while also having exact final exit timestamp 2025-05-02T15:20:00+05:30.
2025-05-06,EXCEPTION_EXIT,no_valid_rebalance_candidate,2025-05-08,2025-05-06T09:30:00+05:30,24433.1,24450,77.8,97.05,174.85,22730.50,1,1,0,0,6,2025-05-06T11:29:00+05:30,2958.80,150.00,2808.80,No OTM CE contract satisfied the value band 74.49-97.41 at 2025-05-06T11:29:00+05:30 while also having exact final exit timestamp 2025-05-06T15:20:00+05:30.
2025-05-07,EXCEPTION_EXIT,no_valid_rebalance_candidate,2025-05-08,2025-05-07T09:30:00+05:30,24428.5,24450,71.7,111.2,182.90,23777.00,1,1,0,0,6,2025-05-07T09:48:00+05:30,461.50,150.00,311.50,No OTM CE contract satisfied the value band 90.35-118.15 at 2025-05-07T09:48:00+05:30 while also having exact final exit timestamp 2025-05-07T15:20:00+05:30.
2025-05-08,EXCEPTION_EXIT,no_valid_rebalance_candidate,2025-05-08,2025-05-08T09:30:00+05:30,24393.35,24400,20.0,41.9,61.90,8047.00,1,1,0,0,6,2025-05-08T09:49:00+05:30,-767.00,150.00,-917.00,No OTM CE contract satisfied the value band 33.18-43.39 at 2025-05-08T09:49:00+05:30 while also having exact final exit timestamp 2025-05-08T15:20:00+05:30.
2025-05-12,EXCEPTION_EXIT,no_valid_rebalance_candidate,2025-05-15,2025-05-12T09:30:00+05:30,24596.1,24600,139.0,146.3,285.30,37089.00,3,2,0,1,8,2025-05-12T13:25:00+05:30,-25376.00,200.00,-25576.00,No OTM PE contract satisfied the value band 227.86-297.97 at 2025-05-12T13:25:00+05:30 while also having exact final exit timestamp 2025-05-12T15:20:00+05:30.
2025-05-13,EXCEPTION_EXIT,no_valid_rebalance_candidate,2025-05-15,2025-05-13T09:30:00+05:30,24765.6,24750,193.45,183.05,376.50,48945.00,1,1,0,0,6,2025-05-13T14:16:00+05:30,5162.30,150.00,5012.30,No OTM CE contract satisfied the value band 174.78-228.56 at 2025-05-13T14:16:00+05:30 while also having exact final exit timestamp 2025-05-13T15:20:00+05:30.
2025-05-14,EXCEPTION_EXIT,no_valid_rebalance_candidate,2025-05-15,2025-05-14T09:30:00+05:30,24717.9,24700,121.1,125.7,246.80,32084.00,3,2,0,1,8,2025-05-14T12:50:00+05:30,1194.70,200.00,994.70,No OTM CE contract satisfied the value band 117.45-153.59 at 2025-05-14T12:50:00+05:30 while also having exact final exit timestamp 2025-05-14T15:20:00+05:30.
2025-05-15,EXCEPTION_EXIT,no_valid_rebalance_candidate,2025-05-15,2025-05-15T09:30:00+05:30,24611.3,24600,62.9,66.8,129.70,16861.00,1,1,0,0,6,2025-05-15T09:46:00+05:30,-8123.70,150.00,-8273.70,No OTM CE contract satisfied the value band 100.39-131.27 at 2025-05-15T09:46:00+05:30 while also having exact final exit timestamp 2025-05-15T15:20:00+05:30.
2025-05-20,EXCEPTION_EXIT,no_valid_rebalance_candidate,2025-05-22,2025-05-20T09:30:00+05:30,24935.4,24950,124.9,140.3,265.20,34476.00,1,1,0,0,6,2025-05-20T13:19:00+05:30,-3094.00,150.00,-3244.00,No OTM CE contract satisfied the value band 148.62-194.35 at 2025-05-20T13:19:00+05:30 while also having exact final exit timestamp 2025-05-20T15:20:00+05:30.
2025-05-21,EXCEPTION_EXIT,no_valid_rebalance_candidate,2025-05-22,2025-05-21T09:30:00+05:30,24738.2,24750,113.4,122.65,236.05,30686.50,1,1,0,0,6,2025-05-21T10:16:00+05:30,-7025.20,150.00,-7175.20,No OTM PE contract satisfied the value band 143.33-187.42 at 2025-05-21T10:16:00+05:30 while also having exact final exit timestamp 2025-05-21T15:20:00+05:30.
2025-05-22,EXCEPTION_EXIT,no_valid_rebalance_candidate,2025-05-22,2025-05-22T09:30:00+05:30,24591.45,24600,76.0,100.95,176.95,23003.50,7,4,0,3,12,2025-05-22T11:38:00+05:30,7384.00,300.00,7084.00,No OTM CE contract satisfied the value band 54.50-71.27 at 2025-05-22T11:38:00+05:30 while also having exact final exit timestamp 2025-05-22T15:20:00+05:30.
2025-05-23,EXCEPTION_EXIT,no_valid_rebalance_candidate,2025-05-29,2025-05-23T09:30:00+05:30,24714.0,24700,211.95,175.7,387.65,50394.50,3,2,0,1,8,2025-05-23T10:57:00+05:30,-15905.50,200.00,-16105.50,No OTM PE contract satisfied the value band 245.96-321.64 at 2025-05-23T10:57:00+05:30 while also having exact final exit timestamp 2025-05-23T15:20:00+05:30.
2025-05-27,EXCEPTION_EXIT,no_valid_rebalance_candidate,2025-05-29,2025-05-27T09:30:00+05:30,24791.9,24800,222.5,212.9,435.40,56602.00,1,1,0,0,6,2025-05-27T11:30:00+05:30,-7995.00,150.00,-8145.00,No OTM PE contract satisfied the value band 244.79-320.11 at 2025-05-27T11:30:00+05:30 while also having exact final exit timestamp 2025-05-27T15:20:00+05:30.
2025-05-29,EXCEPTION_EXIT,no_valid_rebalance_candidate,2025-05-29,2025-05-29T09:30:00+05:30,24802.7,24800,60.75,40.85,101.60,13208.00,1,1,0,0,6,2025-05-29T10:06:00+05:30,-3075.80,150.00,-3225.80,No OTM PE contract satisfied the value band 59.18-77.39 at 2025-05-29T10:06:00+05:30 while also having exact final exit timestamp 2025-05-29T15:20:00+05:30.
2025-06-04,EXCEPTION_EXIT,no_valid_rebalance_candidate,2025-06-05,2025-06-04T09:30:00+05:30,24572.65,24550,113.95,86.9,200.85,26110.50,3,2,0,1,8,2025-06-04T14:09:00+05:30,2021.50,200.00,1821.50,No OTM PE contract satisfied the value band 87.88-114.92 at 2025-06-04T14:09:00+05:30 while also having exact final exit timestamp 2025-06-04T15:20:00+05:30.
2025-06-05,EXCEPTION_EXIT,no_valid_rebalance_candidate,2025-06-05,2025-06-05T09:30:00+05:30,24715.35,24700,75.55,62.2,137.75,17907.50,1,1,0,0,6,2025-06-05T09:53:00+05:30,4517.50,150.00,4367.50,No OTM PE contract satisfied the value band 54.08-70.72 at 2025-06-05T09:53:00+05:30 while also having exact final exit timestamp 2025-06-05T15:20:00+05:30.
2025-06-06,EXCEPTION_EXIT,no_valid_rebalance_candidate,2025-06-12,2025-06-06T09:30:00+05:30,24728.75,24750,165.6,176.55,342.15,44479.50,1,1,0,0,6,2025-06-06T10:48:00+05:30,-9626.50,150.00,-9776.50,No OTM PE contract satisfied the value band 207.25-271.02 at 2025-06-06T10:48:00+05:30 while also having exact final exit timestamp 2025-06-06T15:20:00+05:30.
2025-06-12,EXCEPTION_EXIT,no_valid_rebalance_candidate,2025-06-12,2025-06-12T09:30:00+05:30,25173.65,25150,58.25,41.25,99.50,12935.00,1,1,0,0,6,2025-06-12T09:47:00+05:30,-5388.50,150.00,-5538.50,No OTM CE contract satisfied the value band 67.41-88.14 at 2025-06-12T09:47:00+05:30 while also having exact final exit timestamp 2025-06-12T15:20:00+05:30.
2025-06-16,EXCEPTION_EXIT,no_valid_rebalance_candidate,2025-06-19,2025-06-16T09:30:00+05:30,24786.5,24800,141.7,147.65,289.35,37615.50,1,1,0,0,6,2025-06-16T13:42:00+05:30,-5882.50,150.00,-6032.50,No OTM PE contract satisfied the value band 168.94-220.91 at 2025-06-16T13:42:00+05:30 while also having exact final exit timestamp 2025-06-16T15:20:00+05:30.
2025-06-18,EXCEPTION_EXIT,no_valid_rebalance_candidate,2025-06-19,2025-06-18T09:30:00+05:30,24897.05,24900,96.5,98.9,195.40,25402.00,1,1,0,0,6,2025-06-18T11:32:00+05:30,-676.00,150.00,-826.00,No OTM CE contract satisfied the value band 100.20-131.03 at 2025-06-18T11:32:00+05:30 while also having exact final exit timestamp 2025-06-18T15:20:00+05:30.
2025-06-19,EXCEPTION_EXIT,no_valid_rebalance_candidate,2025-06-19,2025-06-19T09:30:00+05:30,24816.3,24800,54.25,41.3,95.55,12421.50,1,1,0,0,6,2025-06-19T09:46:00+05:30,-58.50,150.00,-208.50,No OTM PE contract satisfied the value band 47.12-61.62 at 2025-06-19T09:46:00+05:30 while also having exact final exit timestamp 2025-06-19T15:20:00+05:30.
2025-06-20,EXCEPTION_EXIT,no_valid_rebalance_candidate,2025-06-26,2025-06-20T09:30:00+05:30,24831.6,24850,159.1,161.1,320.20,41626.00,1,1,0,0,6,2025-06-20T10:31:00+05:30,-11700.00,150.00,-11850.00,No OTM PE contract satisfied the value band 205.17-268.30 at 2025-06-20T10:31:00+05:30 while also having exact final exit timestamp 2025-06-20T15:20:00+05:30.
2025-06-23,EXCEPTION_EXIT,no_valid_rebalance_candidate,2025-06-26,2025-06-23T09:30:00+05:30,24908.9,24900,148.15,140.05,288.20,37466.00,1,1,0,0,6,2025-06-23T14:03:00+05:30,-6012.50,150.00,-6162.50,No OTM PE contract satisfied the value band 167.05-218.45 at 2025-06-23T14:03:00+05:30 while also having exact final exit timestamp 2025-06-23T15:20:00+05:30.
2025-06-24,EXCEPTION_EXIT,no_valid_rebalance_candidate,2025-06-26,2025-06-24T09:30:00+05:30,25199.9,25200,124.0,109.15,233.15,30309.50,1,1,0,0,6,2025-06-24T12:13:00+05:30,-5486.00,150.00,-5636.00,No OTM PE contract satisfied the value band 139.36-182.24 at 2025-06-24T12:13:00+05:30 while also having exact final exit timestamp 2025-06-24T15:20:00+05:30.
2025-06-25,EXCEPTION_EXIT,no_valid_rebalance_candidate,2025-06-26,2025-06-25T09:30:00+05:30,25159.45,25150,99.85,75.5,175.35,22795.50,1,1,0,0,6,2025-06-25T12:40:00+05:30,812.50,150.00,662.50,No OTM PE contract satisfied the value band 85.67-112.03 at 2025-06-25T12:40:00+05:30 while also having exact final exit timestamp 2025-06-25T15:20:00+05:30.
2025-06-26,EXCEPTION_EXIT,no_valid_rebalance_candidate,2025-06-26,2025-06-26T09:30:00+05:30,25350.45,25350,72.75,60.3,133.05,17296.50,1,1,0,0,6,2025-06-26T09:56:00+05:30,-2242.50,150.00,-2392.50,No OTM PE contract satisfied the value band 71.89-94.01 at 2025-06-26T09:56:00+05:30 while also having exact final exit timestamp 2025-06-26T15:20:00+05:30.
2025-06-30,EXCEPTION_EXIT,no_valid_rebalance_candidate,2025-07-03,2025-06-30T09:30:00+05:30,25631.85,25650,136.0,134.75,270.75,35197.50,1,1,0,0,6,2025-06-30T13:16:00+05:30,-2704.00,150.00,-2854.00,No OTM CE contract satisfied the value band 145.47-190.23 at 2025-06-30T13:16:00+05:30 while also having exact final exit timestamp 2025-06-30T15:20:00+05:30.
2025-07-02,EXCEPTION_EXIT,no_valid_rebalance_candidate,2025-07-03,2025-07-02T09:30:00+05:30,25567.85,25550,94.0,64.8,158.80,20644.00,1,1,0,0,6,2025-07-02T12:52:00+05:30,513.50,150.00,363.50,No OTM CE contract satisfied the value band 75.34-98.52 at 2025-07-02T12:52:00+05:30 while also having exact final exit timestamp 2025-07-02T15:20:00+05:30.
2025-07-03,EXCEPTION_EXIT,no_valid_rebalance_candidate,2025-07-03,2025-07-03T09:30:00+05:30,25434.85,25450,39.4,63.3,102.70,13351.00,1,1,0,0,6,2025-07-03T09:46:00+05:30,260.00,150.00,110.00,No OTM PE contract satisfied the value band 50.86-66.51 at 2025-07-03T09:46:00+05:30 while also having exact final exit timestamp 2025-07-03T15:20:00+05:30.
2025-07-10,EXCEPTION_EXIT,no_valid_rebalance_candidate,2025-07-10,2025-07-10T09:30:00+05:30,25451.9,25450,49.2,46.15,95.35,12395.50,3,2,0,1,8,2025-07-10T10:53:00+05:30,-2242.50,200.00,-2442.50,No OTM CE contract satisfied the value band 52.65-68.85 at 2025-07-10T10:53:00+05:30 while also having exact final exit timestamp 2025-07-10T15:20:00+05:30.
2025-07-15,EXCEPTION_EXIT,no_valid_rebalance_candidate,2025-07-17,2025-07-15T09:30:00+05:30,25147.95,25150,99.85,81.4,181.25,23562.50,1,1,0,0,6,2025-07-15T11:10:00+05:30,-2964.00,150.00,-3114.00,No OTM PE contract satisfied the value band 99.45-130.05 at 2025-07-15T11:10:00+05:30 while also having exact final exit timestamp 2025-07-15T15:20:00+05:30.
2025-07-16,EXCEPTION_EXIT,no_valid_rebalance_candidate,2025-07-17,2025-07-16T09:30:00+05:30,25147.15,25150,68.4,65.5,133.90,17407.00,1,1,0,0,6,2025-07-16T12:47:00+05:30,-1170.00,150.00,-1320.00,No OTM PE contract satisfied the value band 68.02-88.95 at 2025-07-16T12:47:00+05:30 while also having exact final exit timestamp 2025-07-16T15:20:00+05:30.
2025-07-17,EXCEPTION_EXIT,no_valid_rebalance_candidate,2025-07-17,2025-07-17T09:30:00+05:30,25209.9,25200,43.55,28.8,72.35,9405.50,1,1,0,0,6,2025-07-17T10:31:00+05:30,-2795.00,150.00,-2945.00,No OTM CE contract satisfied the value band 44.79-58.57 at 2025-07-17T10:31:00+05:30 while also having exact final exit timestamp 2025-07-17T15:20:00+05:30.
2025-07-21,EXCEPTION_EXIT,no_valid_rebalance_candidate,2025-07-24,2025-07-21T09:30:00+05:30,24901.9,24900,118.4,100.15,218.55,28411.50,1,1,0,0,6,2025-07-21T09:51:00+05:30,-4231.50,150.00,-4381.50,No OTM PE contract satisfied the value band 124.70-163.07 at 2025-07-21T09:51:00+05:30 while also having exact final exit timestamp 2025-07-21T15:20:00+05:30.
2025-07-23,EXCEPTION_EXIT,no_valid_rebalance_candidate,2025-07-24,2025-07-23T09:30:00+05:30,25114.35,25100,76.7,48.65,125.35,16295.50,1,1,0,0,6,2025-07-23T12:05:00+05:30,-851.50,150.00,-1001.50,No OTM PE contract satisfied the value band 63.15-82.58 at 2025-07-23T12:05:00+05:30 while also having exact final exit timestamp 2025-07-23T15:20:00+05:30.
2025-07-24,EXCEPTION_EXIT,no_valid_rebalance_candidate,2025-07-24,2025-07-24T09:30:00+05:30,25188.8,25200,30.0,35.35,65.35,8495.50,1,1,0,0,6,2025-07-24T10:14:00+05:30,-448.50,150.00,-598.50,No OTM CE contract satisfied the value band 32.01-41.86 at 2025-07-24T10:14:00+05:30 while also having exact final exit timestamp 2025-07-24T15:20:00+05:30.
2025-07-25,EXCEPTION_EXIT,no_valid_rebalance_candidate,2025-07-31,2025-07-25T09:30:00+05:30,24991.55,25000,138.6,119.3,257.90,33527.00,1,1,0,0,6,2025-07-25T11:49:00+05:30,-3939.00,150.00,-4089.00,No OTM CE contract satisfied the value band 142.64-186.53 at 2025-07-25T11:49:00+05:30 while also having exact final exit timestamp 2025-07-25T15:20:00+05:30.
2025-07-28,EXCEPTION_EXIT,no_valid_rebalance_candidate,2025-07-31,2025-07-28T09:30:00+05:30,24784.05,24800,116.1,109.7,225.80,29354.00,3,2,0,1,8,2025-07-28T10:31:00+05:30,-4290.00,200.00,-4490.00,No OTM PE contract satisfied the value band 122.14-159.72 at 2025-07-28T10:31:00+05:30 while also having exact final exit timestamp 2025-07-28T15:20:00+05:30.
2025-07-29,EXCEPTION_EXIT,no_valid_rebalance_candidate,2025-07-31,2025-07-29T09:30:00+05:30,24710.0,24700,121.0,83.8,204.80,26624.00,1,1,0,0,6,2025-07-29T13:54:00+05:30,1092.00,150.00,942.00,No OTM PE contract satisfied the value band 100.91-131.96 at 2025-07-29T13:54:00+05:30 while also having exact final exit timestamp 2025-07-29T15:20:00+05:30.
2025-07-31,EXCEPTION_EXIT,no_valid_rebalance_candidate,2025-07-31,2025-07-31T09:30:00+05:30,24708.4,24700,54.6,56.3,110.90,14417.00,3,2,0,1,8,2025-07-31T11:04:00+05:30,-390.00,200.00,-590.00,No OTM PE contract satisfied the value band 53.04-69.36 at 2025-07-31T11:04:00+05:30 while also having exact final exit timestamp 2025-07-31T15:20:00+05:30.
2025-08-06,EXCEPTION_EXIT,no_valid_rebalance_candidate,2025-08-07,2025-08-06T09:30:00+05:30,24650.55,24650,95.5,82.95,178.45,23198.50,5,3,0,2,10,2025-08-06T14:35:00+05:30,1794.00,250.00,1544.00,No OTM CE contract satisfied the value band 71.34-93.29 at 2025-08-06T14:35:00+05:30 while also having exact final exit timestamp 2025-08-06T15:20:00+05:30.
2025-08-07,EXCEPTION_EXIT,no_valid_rebalance_candidate,2025-08-07,2025-08-07T09:30:00+05:30,24526.25,24550,41.55,56.2,97.75,12707.50,1,1,0,0,6,2025-08-07T09:59:00+05:30,-533.00,150.00,-683.00,No OTM CE contract satisfied the value band 51.35-67.15 at 2025-08-07T09:59:00+05:30 while also having exact final exit timestamp 2025-08-07T15:20:00+05:30.
2025-08-11,EXCEPTION_EXIT,no_valid_rebalance_candidate,2025-08-14,2025-08-11T09:30:00+05:30,24400.9,24400,136.7,109.9,246.60,32058.00,3,2,0,1,8,2025-08-11T13:02:00+05:30,-2002.00,200.00,-2202.00,No OTM PE contract satisfied the value band 125.48-164.09 at 2025-08-11T13:02:00+05:30 while also having exact final exit timestamp 2025-08-11T15:20:00+05:30.
2025-08-12,EXCEPTION_EXIT,no_valid_rebalance_candidate,2025-08-14,2025-08-12T09:30:00+05:30,24618.85,24600,110.75,80.4,191.15,24849.50,1,1,0,0,6,2025-08-12T10:02:00+05:30,-4043.00,150.00,-4193.00,No OTM PE contract satisfied the value band 110.27-144.20 at 2025-08-12T10:02:00+05:30 while also having exact final exit timestamp 2025-08-12T15:20:00+05:30.
2025-08-13,EXCEPTION_EXIT,no_valid_rebalance_candidate,2025-08-14,2025-08-13T09:30:00+05:30,24546.5,24550,88.6,67.55,156.15,20299.50,3,2,0,1,8,2025-08-13T12:32:00+05:30,-468.00,200.00,-668.00,No OTM PE contract satisfied the value band 75.11-98.22 at 2025-08-13T12:32:00+05:30 while also having exact final exit timestamp 2025-08-13T15:20:00+05:30.
2025-08-14,EXCEPTION_EXIT,no_valid_first_add_candidate,2025-08-14,2025-08-14T09:30:00+05:30,24634.0,24650,44.1,56.5,100.60,13078.00,2,1,0,1,6,2025-08-14T11:43:00+05:30,1215.50,150.00,1065.50,No OTM CE contract satisfied the value band 11.86-17.79 at 2025-08-14T11:43:00+05:30 while also having exact final exit timestamp 2025-08-14T15:20:00+05:30.
2025-08-19,EXCEPTION_EXIT,no_valid_rebalance_candidate,2025-08-21,2025-08-19T09:30:00+05:30,24921.55,24900,113.65,75.6,189.25,24602.50,1,1,0,0,6,2025-08-19T12:15:00+05:30,156.00,150.00,6.00,No OTM PE contract satisfied the value band 92.62-121.12 at 2025-08-19T12:15:00+05:30 while also having exact final exit timestamp 2025-08-19T15:20:00+05:30.
2025-08-20,EXCEPTION_EXIT,no_valid_rebalance_candidate,2025-08-21,2025-08-20T09:30:00+05:30,24937.65,24950,62.3,75.6,137.90,17927.00,1,1,0,0,6,2025-08-20T11:13:00+05:30,-2476.50,150.00,-2626.50,No OTM PE contract satisfied the value band 77.03-100.72 at 2025-08-20T11:13:00+05:30 while also having exact final exit timestamp 2025-08-20T15:20:00+05:30.
2025-08-21,EXCEPTION_EXIT,no_valid_rebalance_candidate,2025-08-21,2025-08-21T09:30:00+05:30,25065.7,25050,48.2,30.9,79.10,10283.00,3,2,0,1,8,2025-08-21T09:58:00+05:30,-1365.00,200.00,-1565.00,No OTM PE contract satisfied the value band 39.91-52.19 at 2025-08-21T09:58:00+05:30 while also having exact final exit timestamp 2025-08-21T15:20:00+05:30.
2025-08-26,EXCEPTION_EXIT,no_valid_rebalance_candidate,2025-08-28,2025-08-26T09:30:00+05:30,24799.75,24800,84.25,72.9,157.15,20429.50,1,1,0,0,6,2025-08-26T15:14:00+05:30,-1105.00,150.00,-1255.00,No OTM CE contract satisfied the value band 80.11-104.76 at 2025-08-26T15:14:00+05:30 while also having exact final exit timestamp 2025-08-26T15:20:00+05:30.
2025-08-28,EXCEPTION_EXIT,no_valid_rebalance_candidate,2025-08-28,2025-08-28T09:30:00+05:30,24529.35,24550,46.1,53.1,99.20,12896.00,3,2,0,1,8,2025-08-28T09:55:00+05:30,-1605.50,200.00,-1805.50,No OTM PE contract satisfied the value band 49.95-65.32 at 2025-08-28T09:55:00+05:30 while also having exact final exit timestamp 2025-08-28T15:20:00+05:30.
2025-08-29,EXCEPTION_EXIT,no_valid_rebalance_candidate,2025-09-02,2025-08-29T09:30:00+05:30,24532.55,24550,116.95,96.0,212.95,27683.50,1,1,0,0,6,2025-08-29T15:12:00+05:30,1157.00,150.00,1007.00,No OTM CE contract satisfied the value band 100.69-131.66 at 2025-08-29T15:12:00+05:30 while also having exact final exit timestamp 2025-08-29T15:20:00+05:30.
2025-09-01,EXCEPTION_EXIT,no_valid_first_add_candidate,2025-09-02,2025-09-01T09:30:00+05:30,24529.25,24550,71.7,62.5,134.20,17446.00,0,0,0,0,4,2025-09-01T12:29:00+05:30,1059.50,100.00,959.50,No OTM PE contract satisfied the value band 16.63-24.95 at 2025-09-01T12:29:00+05:30 while also having exact final exit timestamp 2025-09-01T15:20:00+05:30.
2025-09-02,EXCEPTION_EXIT,no_valid_rebalance_candidate,2025-09-02,2025-09-02T09:30:00+05:30,24653.9,24650,42.65,34.6,77.25,10042.50,1,1,0,0,6,2025-09-02T09:45:00+05:30,-1072.50,150.00,-1222.50,No OTM PE contract satisfied the value band 40.72-53.25 at 2025-09-02T09:45:00+05:30 while also having exact final exit timestamp 2025-09-02T15:20:00+05:30.
2025-09-03,EXCEPTION_EXIT,no_valid_rebalance_candidate,2025-09-09,2025-09-03T09:30:00+05:30,24598.55,24600,138.5,111.0,249.50,32435.00,3,2,0,1,8,2025-09-03T15:10:00+05:30,-1709.50,200.00,-1909.50,No OTM PE contract satisfied the value band 126.69-165.66 at 2025-09-03T15:10:00+05:30 while also having exact final exit timestamp 2025-09-03T15:20:00+05:30.
2025-09-04,EXCEPTION_EXIT,no_valid_rebalance_candidate,2025-09-09,2025-09-04T09:30:00+05:30,24898.45,24900,116.5,93.6,210.10,27313.00,3,2,0,1,8,2025-09-04T14:17:00+05:30,-3250.00,200.00,-3450.00,No OTM CE contract satisfied the value band 113.52-148.45 at 2025-09-04T14:17:00+05:30 while also having exact final exit timestamp 2025-09-04T15:20:00+05:30.
2025-09-05,EXCEPTION_EXIT,no_valid_rebalance_candidate,2025-09-09,2025-09-05T09:30:00+05:30,24784.45,24800,90.7,82.1,172.80,22464.00,1,1,0,0,6,2025-09-05T10:16:00+05:30,-8547.50,150.00,-8697.50,No OTM CE contract satisfied the value band 118.72-155.25 at 2025-09-05T10:16:00+05:30 while also having exact final exit timestamp 2025-09-05T15:20:00+05:30.
2025-09-08,EXCEPTION_EXIT,no_valid_rebalance_candidate,2025-09-09,2025-09-08T09:30:00+05:30,24787.75,24800,68.55,64.6,133.15,17309.50,5,3,0,2,10,2025-09-08T12:36:00+05:30,-2086.50,250.00,-2336.50,No OTM PE contract satisfied the value band 65.78-86.02 at 2025-09-08T12:36:00+05:30 while also having exact final exit timestamp 2025-09-08T15:20:00+05:30.
2025-09-09,EXCEPTION_EXIT,no_valid_first_add_candidate,2025-09-09,2025-09-09T09:30:00+05:30,24850.15,24850,48.65,39.6,88.25,11472.50,6,3,0,3,10,2025-09-09T14:06:00+05:30,1943.50,250.00,1693.50,No OTM PE contract satisfied the value band 8.01-12.01 at 2025-09-09T14:06:00+05:30 while also having exact final exit timestamp 2025-09-09T15:20:00+05:30.
2025-09-12,EXCEPTION_EXIT,no_valid_rebalance_candidate,2025-09-16,2025-09-12T09:30:00+05:30,25060.0,25050,101.25,66.45,167.70,21801.00,1,1,0,0,6,2025-09-12T11:28:00+05:30,-1872.00,150.00,-2022.00,No OTM PE contract satisfied the value band 89.28-116.75 at 2025-09-12T11:28:00+05:30 while also having exact final exit timestamp 2025-09-12T15:20:00+05:30.
2025-09-16,EXCEPTION_EXIT,no_valid_rebalance_candidate,2025-09-16,2025-09-16T09:30:00+05:30,25113.6,25100,46.65,27.0,73.65,9574.50,1,1,0,0,6,2025-09-16T09:45:00+05:30,-2736.50,150.00,-2886.50,No OTM PE contract satisfied the value band 44.10-57.67 at 2025-09-16T09:45:00+05:30 while also having exact final exit timestamp 2025-09-16T15:20:00+05:30.
2025-09-22,EXCEPTION_EXIT,no_valid_rebalance_candidate,2025-09-23,2025-09-22T09:30:00+05:30,25286.5,25300,60.15,56.2,116.35,15125.50,5,3,0,2,10,2025-09-22T14:43:00+05:30,-2652.00,250.00,-2902.00,No OTM CE contract satisfied the value band 60.77-79.47 at 2025-09-22T14:43:00+05:30 while also having exact final exit timestamp 2025-09-22T15:20:00+05:30.
2025-09-23,EXCEPTION_EXIT,no_valid_rebalance_candidate,2025-09-23,2025-09-23T09:30:00+05:30,25186.25,25200,35.4,38.15,73.55,9561.50,3,2,0,1,8,2025-09-23T09:43:00+05:30,-4894.50,200.00,-5094.50,No OTM CE contract satisfied the value band 50.02-65.41 at 2025-09-23T09:43:00+05:30 while also having exact final exit timestamp 2025-09-23T15:20:00+05:30.
2025-09-24,EXCEPTION_EXIT,no_valid_rebalance_candidate,2025-09-30,2025-09-24T09:30:00+05:30,25072.3,25050,157.6,82.15,239.75,31167.50,3,2,0,1,8,2025-09-24T13:01:00+05:30,-1365.00,200.00,-1565.00,No OTM PE contract satisfied the value band 120.02-156.95 at 2025-09-24T13:01:00+05:30 while also having exact final exit timestamp 2025-09-24T15:20:00+05:30.
2025-09-26,EXCEPTION_EXIT,no_valid_rebalance_candidate,2025-09-30,2025-09-26T09:30:00+05:30,24790.9,24800,114.35,67.8,182.15,23679.50,3,2,0,1,8,2025-09-26T13:59:00+05:30,-4504.50,200.00,-4704.50,No OTM CE contract satisfied the value band 104.00-136.00 at 2025-09-26T13:59:00+05:30 while also having exact final exit timestamp 2025-09-26T15:20:00+05:30.
2025-09-29,EXCEPTION_EXIT,no_valid_rebalance_candidate,2025-09-30,2025-09-29T09:30:00+05:30,24712.9,24700,107.75,47.95,155.70,20241.00,1,1,0,0,6,2025-09-29T09:36:00+05:30,-227.50,150.00,-377.50,No OTM PE contract satisfied the value band 79.23-103.62 at 2025-09-29T09:36:00+05:30 while also having exact final exit timestamp 2025-09-29T15:20:00+05:30.
2025-09-30,EXCEPTION_EXIT,no_valid_first_add_candidate,2025-09-30,2025-09-30T09:30:00+05:30,24668.6,24650,71.5,37.5,109.00,14170.00,12,6,0,6,16,2025-09-30T13:55:00+05:30,338.00,400.00,-62.00,No OTM CE contract satisfied the value band 7.66-11.49 at 2025-09-30T13:55:00+05:30 while also having exact final exit timestamp 2025-09-30T15:20:00+05:30.
2025-10-01,EXCEPTION_EXIT,no_valid_rebalance_candidate,2025-10-07,2025-10-01T09:30:00+05:30,24652.2,24650,137.35,104.1,241.45,31388.50,1,1,0,0,6,2025-10-01T11:32:00+05:30,-539.50,150.00,-689.50,No OTM PE contract satisfied the value band 122.79-160.56 at 2025-10-01T11:32:00+05:30 while also having exact final exit timestamp 2025-10-01T15:20:00+05:30.
2025-10-03,EXCEPTION_EXIT,no_valid_rebalance_candidate,2025-10-07,2025-10-03T09:30:00+05:30,24779.45,24800,89.05,79.1,168.15,21859.50,7,4,0,3,12,2025-10-03T14:38:00+05:30,-2177.50,300.00,-2477.50,No OTM PE contract satisfied the value band 80.57-105.36 at 2025-10-03T14:38:00+05:30 while also having exact final exit timestamp 2025-10-03T15:20:00+05:30.
2025-10-06,EXCEPTION_EXIT,no_valid_rebalance_candidate,2025-10-07,2025-10-06T09:30:00+05:30,24900.45,24900,62.7,58.65,121.35,15775.50,1,1,0,0,6,2025-10-06T09:50:00+05:30,-1241.50,150.00,-1391.50,No OTM PE contract satisfied the value band 62.34-81.52 at 2025-10-06T09:50:00+05:30 while also having exact final exit timestamp 2025-10-06T15:20:00+05:30.
2025-10-07,EXCEPTION_EXIT,no_valid_rebalance_candidate,2025-10-07,2025-10-07T09:30:00+05:30,25119.9,25100,56.05,33.3,89.35,11615.50,1,1,0,0,6,2025-10-07T09:41:00+05:30,-461.50,150.00,-611.50,No OTM PE contract satisfied the value band 44.82-58.61 at 2025-10-07T09:41:00+05:30 while also having exact final exit timestamp 2025-10-07T15:20:00+05:30.
2025-10-08,EXCEPTION_EXIT,no_valid_rebalance_candidate,2025-10-14,2025-10-08T09:30:00+05:30,25175.3,25200,117.15,97.8,214.95,27943.50,1,1,0,0,6,2025-10-08T11:10:00+05:30,-3347.50,150.00,-3497.50,No OTM CE contract satisfied the value band 118.89-155.47 at 2025-10-08T11:10:00+05:30 while also having exact final exit timestamp 2025-10-08T15:20:00+05:30.
2025-10-09,EXCEPTION_EXIT,no_valid_rebalance_candidate,2025-10-14,2025-10-09T09:30:00+05:30,25107.35,25100,118.55,81.75,200.30,26039.00,1,1,0,0,6,2025-10-09T11:36:00+05:30,-1651.00,150.00,-1801.00,No OTM PE contract satisfied the value band 107.02-139.95 at 2025-10-09T11:36:00+05:30 while also having exact final exit timestamp 2025-10-09T15:20:00+05:30.
2025-10-10,EXCEPTION_EXIT,no_valid_rebalance_candidate,2025-10-14,2025-10-10T09:30:00+05:30,25231.45,25250,93.9,74.5,168.40,21892.00,1,1,0,0,6,2025-10-10T10:57:00+05:30,-4225.00,150.00,-4375.00,No OTM PE contract satisfied the value band 98.93-129.37 at 2025-10-10T10:57:00+05:30 while also having exact final exit timestamp 2025-10-10T15:20:00+05:30.
2025-10-13,EXCEPTION_EXIT,no_valid_rebalance_candidate,2025-10-14,2025-10-13T09:30:00+05:30,25196.2,25200,83.15,74.1,157.25,20442.50,1,1,0,0,6,2025-10-13T14:29:00+05:30,2970.50,150.00,2820.50,No OTM PE contract satisfied the value band 65.10-85.13 at 2025-10-13T14:29:00+05:30 while also having exact final exit timestamp 2025-10-13T15:20:00+05:30.
2025-10-14,EXCEPTION_EXIT,no_valid_rebalance_candidate,2025-10-14,2025-10-14T09:30:00+05:30,25291.8,25300,49.85,44.0,93.85,12200.50,1,1,0,0,6,2025-10-14T09:56:00+05:30,-2912.00,150.00,-3062.00,No OTM CE contract satisfied the value band 56.42-73.78 at 2025-10-14T09:56:00+05:30 while also having exact final exit timestamp 2025-10-14T15:20:00+05:30.
2025-10-15,EXCEPTION_EXIT,no_valid_rebalance_candidate,2025-10-20,2025-10-15T09:30:00+05:30,25253.3,25250,156.1,83.55,239.65,31154.50,3,2,0,1,8,2025-10-15T10:54:00+05:30,-3321.50,200.00,-3521.50,No OTM PE contract satisfied the value band 125.91-164.64 at 2025-10-15T10:54:00+05:30 while also having exact final exit timestamp 2025-10-15T15:20:00+05:30.
2025-10-16,EXCEPTION_EXIT,no_valid_rebalance_candidate,2025-10-20,2025-10-16T09:30:00+05:30,25424.75,25400,144.25,62.4,206.65,26864.50,1,1,0,0,6,2025-10-16T12:14:00+05:30,-26.00,150.00,-176.00,No OTM PE contract satisfied the value band 104.52-136.68 at 2025-10-16T12:14:00+05:30 while also having exact final exit timestamp 2025-10-16T15:20:00+05:30.
2025-10-17,EXCEPTION_EXIT,no_valid_rebalance_candidate,2025-10-20,2025-10-17T09:30:00+05:30,25604.55,25600,101.5,80.35,181.85,23640.50,1,1,0,0,6,2025-10-17T10:32:00+05:30,-4725.50,150.00,-4875.50,No OTM PE contract satisfied the value band 105.72-138.25 at 2025-10-17T10:32:00+05:30 while also having exact final exit timestamp 2025-10-17T15:20:00+05:30.
2025-10-20,EXCEPTION_EXIT,no_valid_rebalance_candidate,2025-10-20,2025-10-20T09:30:00+05:30,25879.4,25900,56.15,60.55,116.70,15171.00,1,1,0,0,6,2025-10-20T09:47:00+05:30,-4946.50,150.00,-5096.50,No OTM CE contract satisfied the value band 79.23-103.62 at 2025-10-20T09:47:00+05:30 while also having exact final exit timestamp 2025-10-20T15:20:00+05:30.
2025-10-24,EXCEPTION_EXIT,no_valid_rebalance_candidate,2025-10-28,2025-10-24T09:30:00+05:30,25885.85,25900,141.3,85.2,226.50,29445.00,3,2,0,1,8,2025-10-24T13:33:00+05:30,247.00,200.00,47.00,No OTM CE contract satisfied the value band 105.30-137.70 at 2025-10-24T13:33:00+05:30 while also having exact final exit timestamp 2025-10-24T15:20:00+05:30.
2025-10-27,EXCEPTION_EXIT,no_valid_rebalance_candidate,2025-10-28,2025-10-27T09:30:00+05:30,25889.15,25900,108.45,57.8,166.25,21612.50,1,1,0,0,6,2025-10-27T09:42:00+05:30,-4758.00,150.00,-4908.00,No OTM PE contract satisfied the value band 98.51-128.82 at 2025-10-27T09:42:00+05:30 while also having exact final exit timestamp 2025-10-27T15:20:00+05:30.
2025-10-28,EXCEPTION_EXIT,no_valid_rebalance_candidate,2025-10-28,2025-10-28T09:30:00+05:30,25987.45,26000,69.25,61.65,130.90,17017.00,3,2,0,1,8,2025-10-28T10:08:00+05:30,-4251.00,200.00,-4451.00,No OTM CE contract satisfied the value band 79.43-103.87 at 2025-10-28T10:08:00+05:30 while also having exact final exit timestamp 2025-10-28T15:20:00+05:30.
2025-10-29,EXCEPTION_EXIT,no_valid_rebalance_candidate,2025-11-04,2025-10-29T09:30:00+05:30,26010.75,26000,201.9,117.75,319.65,41554.50,1,1,0,0,6,2025-10-29T12:31:00+05:30,-162.50,150.00,-312.50,No OTM PE contract satisfied the value band 159.19-208.16 at 2025-10-29T12:31:00+05:30 while also having exact final exit timestamp 2025-10-29T15:20:00+05:30.
2025-11-03,EXCEPTION_EXIT,no_valid_rebalance_candidate,2025-11-04,2025-11-03T09:30:00+05:30,25677.7,25700,95.65,85.55,181.20,23556.00,3,2,0,1,8,2025-11-03T10:39:00+05:30,-2704.00,200.00,-2904.00,No OTM PE contract satisfied the value band 96.66-126.39 at 2025-11-03T10:39:00+05:30 while also having exact final exit timestamp 2025-11-03T15:20:00+05:30.
2025-11-04,EXCEPTION_EXIT,no_valid_rebalance_candidate,2025-11-04,2025-11-04T09:30:00+05:30,25729.85,25750,41.9,69.8,111.70,14521.00,1,1,0,0,6,2025-11-04T09:48:00+05:30,-1462.50,150.00,-1612.50,No OTM CE contract satisfied the value band 62.08-81.17 at 2025-11-04T09:48:00+05:30 while also having exact final exit timestamp 2025-11-04T15:20:00+05:30.
2025-11-07,EXCEPTION_EXIT,no_valid_rebalance_candidate,2025-11-11,2025-11-07T09:30:00+05:30,25350.1,25350,118.7,88.0,206.70,26871.00,1,1,0,0,6,2025-11-07T11:29:00+05:30,-741.00,150.00,-891.00,No OTM PE contract satisfied the value band 103.45-135.28 at 2025-11-07T11:29:00+05:30 while also having exact final exit timestamp 2025-11-07T15:20:00+05:30.
2025-11-10,EXCEPTION_EXIT,no_valid_rebalance_candidate,2025-11-11,2025-11-10T09:30:00+05:30,25539.6,25550,87.55,70.55,158.10,20553.00,3,2,0,1,8,2025-11-10T10:24:00+05:30,-1222.00,200.00,-1422.00,No OTM PE contract satisfied the value band 77.19-100.94 at 2025-11-10T10:24:00+05:30 while also having exact final exit timestamp 2025-11-10T15:20:00+05:30.
2025-11-11,EXCEPTION_EXIT,no_valid_rebalance_candidate,2025-11-11,2025-11-11T09:30:00+05:30,25527.25,25550,46.35,64.15,110.50,14365.00,7,4,0,3,12,2025-11-11T10:25:00+05:30,-2470.00,300.00,-2770.00,No OTM CE contract satisfied the value band 50.11-65.53 at 2025-11-11T10:25:00+05:30 while also having exact final exit timestamp 2025-11-11T15:20:00+05:30.
2025-11-12,EXCEPTION_EXIT,no_valid_rebalance_candidate,2025-11-18,2025-11-12T09:30:00+05:30,25792.75,25800,184.0,115.2,299.20,38896.00,1,1,0,0,6,2025-11-12T12:31:00+05:30,-175.50,150.00,-325.50,No OTM PE contract satisfied the value band 148.69-194.44 at 2025-11-12T12:31:00+05:30 while also having exact final exit timestamp 2025-11-12T15:20:00+05:30.
2025-11-14,EXCEPTION_EXIT,no_valid_rebalance_candidate,2025-11-18,2025-11-14T09:30:00+05:30,25824.0,25800,168.45,94.45,262.90,34177.00,7,4,0,3,12,2025-11-14T15:08:00+05:30,-1209.00,300.00,-1509.00,No OTM PE contract satisfied the value band 123.14-161.03 at 2025-11-14T15:08:00+05:30 while also having exact final exit timestamp 2025-11-14T15:20:00+05:30.
2025-11-17,EXCEPTION_EXIT,no_valid_rebalance_candidate,2025-11-18,2025-11-17T09:30:00+05:30,25966.45,25950,106.85,62.45,169.30,22009.00,3,2,0,1,8,2025-11-17T14:05:00+05:30,429.00,200.00,229.00,No OTM PE contract satisfied the value band 78.75-102.98 at 2025-11-17T14:05:00+05:30 while also having exact final exit timestamp 2025-11-17T15:20:00+05:30.
2025-11-18,EXCEPTION_EXIT,no_valid_rebalance_candidate,2025-11-18,2025-11-18T09:30:00+05:30,25963.2,25950,57.1,52.2,109.30,14209.00,1,1,0,0,6,2025-11-18T10:33:00+05:30,-806.00,150.00,-956.00,No OTM CE contract satisfied the value band 58.50-76.50 at 2025-11-18T10:33:00+05:30 while also having exact final exit timestamp 2025-11-18T15:20:00+05:30.
2025-11-19,EXCEPTION_EXIT,no_valid_rebalance_candidate,2025-11-25,2025-11-19T09:30:00+05:30,25903.65,25900,167.5,131.6,299.10,38883.00,3,2,0,1,8,2025-11-19T14:14:00+05:30,-3542.50,200.00,-3742.50,No OTM PE contract satisfied the value band 156.84-205.11 at 2025-11-19T14:14:00+05:30 while also having exact final exit timestamp 2025-11-19T15:20:00+05:30.
2025-11-20,EXCEPTION_EXIT,no_valid_rebalance_candidate,2025-11-25,2025-11-20T09:30:00+05:30,26103.7,26100,143.2,118.15,261.35,33975.50,1,1,0,0,6,2025-11-20T13:51:00+05:30,-2834.00,150.00,-2984.00,No OTM PE contract satisfied the value band 139.75-182.75 at 2025-11-20T13:51:00+05:30 while also having exact final exit timestamp 2025-11-20T15:20:00+05:30.
2025-11-24,EXCEPTION_EXIT,no_valid_rebalance_candidate,2025-11-25,2025-11-24T09:30:00+05:30,26113.95,26100,104.6,61.4,166.00,21580.00,5,3,0,2,10,2025-11-24T15:05:00+05:30,-2203.50,250.00,-2453.50,No OTM CE contract satisfied the value band 88.79-116.11 at 2025-11-24T15:05:00+05:30 while also having exact final exit timestamp 2025-11-24T15:20:00+05:30.
2025-11-25,EXCEPTION_EXIT,no_valid_rebalance_candidate,2025-11-25,2025-11-25T09:30:00+05:30,25954.85,25950,55.7,48.6,104.30,13559.00,1,1,0,0,6,2025-11-25T10:10:00+05:30,-1612.00,150.00,-1762.00,No OTM PE contract satisfied the value band 58.24-76.16 at 2025-11-25T10:10:00+05:30 while also having exact final exit timestamp 2025-11-25T15:20:00+05:30.
2025-11-26,EXCEPTION_EXIT,no_valid_rebalance_candidate,2025-12-02,2025-11-26T09:30:00+05:30,25979.6,26000,154.7,114.1,268.80,34944.00,1,1,0,0,6,2025-11-26T10:46:00+05:30,-5258.50,150.00,-5408.50,No OTM PE contract satisfied the value band 156.00-204.00 at 2025-11-26T10:46:00+05:30 while also having exact final exit timestamp 2025-11-26T15:20:00+05:30.
2025-11-27,EXCEPTION_EXIT,no_valid_rebalance_candidate,2025-12-02,2025-11-27T09:30:00+05:30,26282.55,26300,128.3,113.15,241.45,31388.50,1,1,0,0,6,2025-11-27T13:27:00+05:30,-981.50,150.00,-1131.50,No OTM CE contract satisfied the value band 124.51-162.82 at 2025-11-27T13:27:00+05:30 while also having exact final exit timestamp 2025-11-27T15:20:00+05:30.
2025-12-01,EXCEPTION_EXIT,no_valid_first_add_candidate,2025-12-02,2025-12-01T09:30:00+05:30,26284.75,26300,81.3,71.8,153.10,19903.00,0,0,0,0,4,2025-12-01T11:10:00+05:30,169.00,100.00,69.00,No OTM CE contract satisfied the value band 19.86-29.79 at 2025-12-01T11:10:00+05:30 while also having exact final exit timestamp 2025-12-01T15:20:00+05:30.
2025-12-02,EXCEPTION_EXIT,no_valid_rebalance_candidate,2025-12-02,2025-12-02T09:30:00+05:30,26131.25,26150,46.1,52.7,98.80,12844.00,1,1,0,0,6,2025-12-02T09:45:00+05:30,-1800.50,150.00,-1950.50,No OTM CE contract satisfied the value band 55.35-72.38 at 2025-12-02T09:45:00+05:30 while also having exact final exit timestamp 2025-12-02T15:20:00+05:30.
2025-12-04,EXCEPTION_EXIT,no_valid_rebalance_candidate,2025-12-09,2025-12-04T09:30:00+05:30,25994.45,26000,131.0,104.6,235.60,30628.00,1,1,0,0,6,2025-12-04T10:37:00+05:30,-2145.00,150.00,-2295.00,No OTM PE contract satisfied the value band 122.85-160.65 at 2025-12-04T10:37:00+05:30 while also having exact final exit timestamp 2025-12-04T15:20:00+05:30.
2025-12-05,EXCEPTION_EXIT,no_valid_rebalance_candidate,2025-12-09,2025-12-05T09:30:00+05:30,26036.6,26050,108.0,96.85,204.85,26630.50,1,1,0,0,6,2025-12-05T10:17:00+05:30,-143.00,150.00,-293.00,No OTM PE contract satisfied the value band 101.40-132.60 at 2025-12-05T10:17:00+05:30 while also having exact final exit timestamp 2025-12-05T15:20:00+05:30.
2025-12-08,EXCEPTION_EXIT,no_valid_first_add_candidate,2025-12-09,2025-12-08T09:30:00+05:30,26139.6,26150,77.55,67.6,145.15,18869.50,0,0,0,0,4,2025-12-08T10:34:00+05:30,-253.50,100.00,-353.50,No OTM CE contract satisfied the value band 19.10-28.65 at 2025-12-08T10:34:00+05:30 while also having exact final exit timestamp 2025-12-08T15:20:00+05:30.
2025-12-09,EXCEPTION_EXIT,no_valid_first_add_candidate,2025-12-09,2025-12-09T09:30:00+05:30,25799.25,25800,60.2,48.1,108.30,14079.00,0,0,0,0,4,2025-12-09T09:49:00+05:30,-1631.50,100.00,-1731.50,No OTM CE contract satisfied the value band 15.61-23.41 at 2025-12-09T09:49:00+05:30 while also having exact final exit timestamp 2025-12-09T15:20:00+05:30.
2025-12-11,EXCEPTION_EXIT,no_valid_rebalance_candidate,2025-12-16,2025-12-11T09:30:00+05:30,25801.35,25800,140.25,99.65,239.90,31187.00,3,2,0,1,8,2025-12-11T12:05:00+05:30,-2652.00,200.00,-2852.00,No OTM PE contract satisfied the value band 123.86-161.97 at 2025-12-11T12:05:00+05:30 while also having exact final exit timestamp 2025-12-11T15:20:00+05:30.
2025-12-15,EXCEPTION_EXIT,no_valid_rebalance_candidate,2025-12-16,2025-12-15T09:30:00+05:30,25918.75,25900,91.75,66.65,158.40,20592.00,1,1,0,0,6,2025-12-15T10:30:00+05:30,513.50,150.00,363.50,No OTM PE contract satisfied the value band 75.04-98.13 at 2025-12-15T10:30:00+05:30 while also having exact final exit timestamp 2025-12-15T15:20:00+05:30.
2025-12-16,EXCEPTION_EXIT,no_valid_first_add_candidate,2025-12-16,2025-12-16T09:30:00+05:30,25922.75,25900,61.65,38.0,99.65,12954.50,2,1,0,1,6,2025-12-16T13:46:00+05:30,4407.00,150.00,4257.00,No OTM PE contract satisfied the value band 7.82-11.73 at 2025-12-16T13:46:00+05:30 while also having exact final exit timestamp 2025-12-16T15:20:00+05:30.
2025-12-18,EXCEPTION_EXIT,no_valid_rebalance_candidate,2025-12-23,2025-12-18T09:30:00+05:30,25780.15,25800,115.85,101.3,217.15,28229.50,1,1,0,0,6,2025-12-18T12:12:00+05:30,-929.50,150.00,-1079.50,No OTM PE contract satisfied the value band 113.69-148.66 at 2025-12-18T12:12:00+05:30 while also having exact final exit timestamp 2025-12-18T15:20:00+05:30.
2025-12-23,EXCEPTION_EXIT,no_valid_rebalance_candidate,2025-12-23,2025-12-23T09:30:00+05:30,26150.0,26150,40.35,45.3,85.65,11134.50,3,2,0,1,8,2025-12-23T10:12:00+05:30,-695.50,200.00,-895.50,No OTM PE contract satisfied the value band 40.98-53.59 at 2025-12-23T10:12:00+05:30 while also having exact final exit timestamp 2025-12-23T15:20:00+05:30.
2025-12-26,EXCEPTION_EXIT,no_valid_first_add_candidate,2025-12-30,2025-12-26T09:30:00+05:30,26131.85,26150,68.05,81.75,149.80,19474.00,0,0,0,0,4,2025-12-26T09:44:00+05:30,-1014.00,100.00,-1114.00,No OTM CE contract satisfied the value band 20.97-31.45 at 2025-12-26T09:44:00+05:30 while also having exact final exit timestamp 2025-12-26T15:20:00+05:30.
2025-12-29,EXCEPTION_EXIT,no_valid_first_add_candidate,2025-12-30,2025-12-29T09:30:00+05:30,26054.05,26050,64.15,45.25,109.40,14222.00,0,0,0,0,4,2025-12-29T09:34:00+05:30,-850.20,100.00,-950.20,No OTM PE contract satisfied the value band 15.07-22.60 at 2025-12-29T09:34:00+05:30 while also having exact final exit timestamp 2025-12-29T15:20:00+05:30.
2025-12-30,EXCEPTION_EXIT,no_valid_rebalance_candidate,2025-12-30,2025-12-30T09:30:00+05:30,25884.75,25900,30.45,45.3,75.75,9847.50,1,1,0,0,6,2025-12-30T09:44:00+05:30,-2853.50,150.00,-3003.50,No OTM PE contract satisfied the value band 45.86-59.97 at 2025-12-30T09:44:00+05:30 while also having exact final exit timestamp 2025-12-30T15:20:00+05:30.
